{
  "configVersion": 1,
  "timestamp": 1573681329868,
  "index": "/index.html",
  "assetGroups": [
    {
      "name": "app",
      "installMode": "prefetch",
      "updateMode": "prefetch",
      "urls": [
        "/favicon.ico",
        "/index.html",
        "/main-es2015.4cbe28ec3aeab4ac4e4f.js",
        "/main-es5.263e1f3edacfca87f969.js",
        "/polyfills-es2015.81248e54629f81f7ef55.js",
        "/polyfills-es5.840b785a5f69d4dd4808.js",
        "/runtime-es2015.858f8dd898b75fe86926.js",
        "/runtime-es5.741402d1d47331ce975c.js",
        "/styles.c38435fbcf5ebfc86445.css"
      ],
      "patterns": []
    },
    {
      "name": "assets",
      "installMode": "lazy",
      "updateMode": "prefetch",
      "urls": [
        "/assets/fonts/averta-bold.woff2",
        "/assets/fonts/averta-regular.woff2",
        "/assets/i18n/en.json",
        "/assets/icons/balls-3.svg",
        "/assets/icons/balls-5.svg",
        "/assets/icons/icon-128x128.png",
        "/assets/icons/icon-144x144.png",
        "/assets/icons/icon-152x152.png",
        "/assets/icons/icon-192x192.png",
        "/assets/icons/icon-384x384.png",
        "/assets/icons/icon-512x512.png",
        "/assets/icons/icon-72x72.png",
        "/assets/icons/icon-96x96.png"
      ],
      "patterns": []
    }
  ],
  "dataGroups": [],
  "hashTable": {
    "/assets/fonts/averta-bold.woff2": "2e341d254646573530f5ddb75711a3d88bed1250",
    "/assets/fonts/averta-regular.woff2": "01e5bcc93a7fcf0ef8c3aee42806906d31fdadc8",
    "/assets/i18n/en.json": "7be9d6f6b48e998b90300480462e84db4036a7ab",
    "/assets/icons/balls-3.svg": "0e05d89b3de4686257b875b8b6b85f53352d5442",
    "/assets/icons/balls-5.svg": "65b5bf15fb3887179f973f9daac421af6aa6ad88",
    "/assets/icons/icon-128x128.png": "dae3b6ed49bdaf4327b92531d4b5b4a5d30c7532",
    "/assets/icons/icon-144x144.png": "b0bd89982e08f9bd2b642928f5391915b74799a7",
    "/assets/icons/icon-152x152.png": "7479a9477815dfd9668d60f8b3b2fba709b91310",
    "/assets/icons/icon-192x192.png": "1abd80d431a237a853ce38147d8c63752f10933b",
    "/assets/icons/icon-384x384.png": "329749cd6393768d3131ed6304c136b1ca05f2fd",
    "/assets/icons/icon-512x512.png": "559d9c4318b45a1f2b10596bbb4c960fe521dbcc",
    "/assets/icons/icon-72x72.png": "c457e56089a36952cd67156f9996bc4ce54a5ed9",
    "/assets/icons/icon-96x96.png": "3914125a4b445bf111c5627875fc190f560daa41",
    "/favicon.ico": "84161b857f5c547e3699ddfbffc6d8d737542e01",
    "/index.html": "dd8c6d999d92156412184f4d4e5116abfee6054b",
    "/main-es2015.4cbe28ec3aeab4ac4e4f.js": "58a7717feb68a3fe5144a7f8400469e87b572800",
    "/main-es5.263e1f3edacfca87f969.js": "5f63a3b0ed2499365eb1683c2a9e6b27c8d12508",
    "/polyfills-es2015.81248e54629f81f7ef55.js": "77f974dd2b186031cfc4f4526d96db4efcd39353",
    "/polyfills-es5.840b785a5f69d4dd4808.js": "589b38f3973ebdf4aa99760757da7b3a939dbb54",
    "/runtime-es2015.858f8dd898b75fe86926.js": "b62956c2192bfe5516d6374e753773901ed50ec5",
    "/runtime-es5.741402d1d47331ce975c.js": "b62956c2192bfe5516d6374e753773901ed50ec5",
    "/styles.c38435fbcf5ebfc86445.css": "8d08730a1fb852280a8a40c8210d25456beb8f92"
  },
  "navigationUrls": [
    {
      "positive": true,
      "regex": "^\\/.*$"
    },
    {
      "positive": false,
      "regex": "^\\/(?:.+\\/)?[^/]*\\.[^/]*$"
    },
    {
      "positive": false,
      "regex": "^\\/(?:.+\\/)?[^/]*__[^/]*$"
    },
    {
      "positive": false,
      "regex": "^\\/(?:.+\\/)?[^/]*__[^/]*\\/.*$"
    }
  ]
}